{"cameraMode":{"drawMode":0,"name":"Shaded","section":"Shading Mode"},"sceneLighting":true,"audioPlay":false,"sceneViewState":{"showFog":true,"showMaterialUpdate":false,"showSkybox":true,"showFlares":true,"showImageEffects":true,"showParticleSystems":true},"in2DMode":false,"pivot":{"x":1.103468894958496,"y":4.868929862976074,"z":-6.502898693084717},"rotation":{"x":-0.08309900015592575,"y":-0.6703014373779297,"z":0.07593823224306107,"w":-0.7335066795349121},"size":6.86286735534668,"orthographic":false}