{"cameraMode":{"drawMode":0,"name":"Shaded","section":"Shading Mode"},"sceneLighting":false,"audioPlay":false,"sceneViewState":{"showFog":false,"showMaterialUpdate":false,"showSkybox":false,"showFlares":false,"showImageEffects":false,"showParticleSystems":false},"in2DMode":false,"pivot":{"x":-6.8485107421875,"y":2.939067840576172,"z":-1.1613235473632813},"rotation":{"x":-0.030259210616350175,"y":0.8661165237426758,"z":-0.052805714309215549,"w":-0.4961385130882263},"size":7.8824872970581059,"orthographic":false}