{"cameraMode":{"drawMode":0,"name":"Shaded","section":"Shading Mode"},"sceneLighting":false,"audioPlay":false,"sceneViewState":{"showFog":false,"showMaterialUpdate":false,"showSkybox":false,"showFlares":false,"showImageEffects":false,"showParticleSystems":false},"in2DMode":false,"pivot":{"x":7.440043926239014,"y":-4.731766700744629,"z":-1.1624045372009278},"rotation":{"x":-0.10616161674261093,"y":-0.8109302520751953,"z":0.15537723898887635,"w":-0.554064154624939},"size":8.61124038696289,"orthographic":false}